,tlvorig,origin,topcl,toadtyp,tarorig,household_id,person_id,day,tour_type,tripsh1,tripsh2,tdadtyp,destination,tdpcl,tardest,tlvdest,parent_tour_id,subtrs,tour_id,tour_mode,tdtaz,tour_category,start,end,mandatory_status,tour_type_num,tour_type_id,loc_tour_id
14,442,1469,1164885.0,Home,995,17100303_2,1710030301_2,Thursday,Work,1,2,Work,4101.0,961980.0,472,940,0,1,14,SHARED3FREE,,non_mandatory,7.0,7.0,non_mandatory,1,Work1,Work1
36,506,63106,1245205.0,Home,1117,17100675_2,1710067501_2,Thursday,Work,2,1,Work,59901.0,661366.0,535,1099,0,1,36,DRIVEALONEFREE,,non_mandatory,8.0,8.0,non_mandatory,1,Work1,Work1
48,470,25918,1038320.0,Home,1065,17100837_2,1710083701_2,Thursday,Work,2,1,Work,3415.0,870311.0,560,1050,0,1,48,WALK,,non_mandatory,7.0,7.0,non_mandatory,1,Work1,Work1
98,485,13934,113301.0,Home,1100,17101504_2,1710150401_2,Thursday,Work,2,2,Work,9526.0,1096447.0,540,1050,0,1,98,WALK_LOC,,non_mandatory,8.0,8.0,non_mandatory,1,Work1,Work1
119,390,13418,629830.0,Home,1345,17101667_2,1710166704_2,Thursday,Work,1,4,Work,1790.0,662888.0,420,990,0,1,119,DRIVEALONEFREE,,non_mandatory,6.0,6.0,non_mandatory,1,Work1,Work1
127,510,24288,823140.0,Home,960,17101852_2,1710185201_2,Thursday,Work,1,1,Work,4146.0,1256707.0,550,945,0,1,127,WALK_LOC,,non_mandatory,8.0,8.0,non_mandatory,1,Work1,Work1
197,459,34887,67921.0,Home,1086,17103050_2,1710305001_2,Thursday,Work,2,1,Work,34223.0,943191.0,515,1072,0,1,197,SHARED3FREE,,non_mandatory,7.0,7.0,non_mandatory,1,Work1,Work1
297,460,11352,587070.0,Home,1060,17105094_2,1710509401_2,Thursday,Work,1,2,Work,17735.0,1214338.0,485,1020,0,1,297,BIKE,,non_mandatory,7.0,7.0,non_mandatory,1,Work1,Work1
333,510,34991,861575.0,Home,1080,17105445_2,1710544501_2,Thursday,Work,1,1,Work,12656.0,441907.0,545,1050,0,1,333,SHARED3FREE,,non_mandatory,8.0,8.0,non_mandatory,1,Work1,Work1
387,540,19691,1015894.0,Home,1105,17106057_2,1710605701_2,Thursday,Work,1,1,Work,21009.0,150351.0,565,1080,0,1,387,WALK,,non_mandatory,9.0,9.0,non_mandatory,1,Work1,Work1
430,390,26430,1249259.0,Home,990,17106670_2,1710667002_2,Thursday,Work,1,1,Work,24046.0,1069930.0,420,960,0,1,430,WALK_LOC,,non_mandatory,6.0,6.0,non_mandatory,1,Work1,Work1
437,440,22123,67940.0,Home,1235,17106835_2,1710683501_2,Thursday,Work,1,2,Work,2418.0,1243421.0,480,1060,0,1,437,SHARED2FREE,,non_mandatory,7.0,7.0,non_mandatory,1,Work1,Work1
452,448,19887,896858.0,Home,1061,17106949_2,1710694901_2,Thursday,Work,1,1,Work,8457.0,802146.0,471,1028,0,1,452,WALK_LOC,,non_mandatory,7.0,7.0,non_mandatory,1,Work1,Work1
555,481,10314,907186.0,Home,1103,17108595_2,1710859502_2,Thursday,Work,1,1,Work,23191.0,131219.0,511,1063,0,1,555,WALK,,non_mandatory,8.0,8.0,non_mandatory,1,Work1,Work1
559,977,11281,929350.0,Home,1004,17108678_2,1710867801_2,Thursday,work,1,1,other,16176.0,35686.0,983,998,0,0,559,DRIVEALONEFREE,,mandatory,16.0,16.0,mandatory,3,work3,work3
560,1108,11281,929350.0,Home,1132,17108678_2,1710867801_2,Thursday,work,1,1,other,460.0,991696.0,1115,1125,0,0,560,WALK,,mandatory,18.0,18.0,mandatory,4,work4,work4
567,420,1768,60803.0,Home,1100,17108908_2,1710890801_2,Thursday,Work,1,3,Work,14542.0,607397.0,435,870,0,2,567,DRIVEALONEFREE,,non_mandatory,7.0,7.0,non_mandatory,1,Work1,Work1
574,511,22955,106838.0,Home,1164,17108982_2,1710898201_2,Thursday,Work,1,2,Work,3390.0,777127.0,529,1060,0,1,574,WALK_LOC,,non_mandatory,8.0,8.0,non_mandatory,1,Work1,Work1
612,470,17246,999849.0,Home,1070,17109776_2,1710977601_2,Thursday,Work,1,1,Work,20528.0,828799.0,490,1050,0,1,612,SHARED2FREE,,non_mandatory,7.0,7.0,non_mandatory,1,Work1,Work1
653,600,28030,159765.0,Home,1160,17110364_2,1711036401_2,Thursday,Work,1,1,Work,28335.0,814956.0,620,1140,0,1,653,DRIVEALONEFREE,,non_mandatory,10.0,10.0,non_mandatory,1,Work1,Work1
701,450,1648,1172992.0,Home,855,17111622_2,1711162201_2,Thursday,Work,1,1,Work,26814.0,1092118.0,460,845,0,1,701,DRIVEALONEFREE,,non_mandatory,7.0,7.0,non_mandatory,1,Work1,Work1
744,405,62294,29550.0,Home,1100,17111939_2,1711193901_2,Thursday,Work,1,2,Work,55308.0,770386.0,425,1030,0,1,744,DRIVEALONEFREE,,non_mandatory,6.0,6.0,non_mandatory,1,Work1,Work1
746,405,62294,29550.0,Home,1000,17111939_2,1711193902_2,Thursday,Work,1,1,Work,59317.0,54881.0,420,960,0,1,746,SHARED2FREE,,non_mandatory,6.0,6.0,non_mandatory,1,Work1,Work1
749,390,4096,1132577.0,Home,1000,17111983_2,1711198301_2,Thursday,Work,1,3,Work,14270.0,820462.0,420,855,0,1,749,DRIVEALONEFREE,,non_mandatory,6.0,6.0,non_mandatory,1,Work1,Work1
776,367,19451,94478.0,Home,1014,17112455_2,1711245501_2,Thursday,Work,1,1,other,28618.0,1260405.0,395,990,0,1,776,WALK_LOC,,non_mandatory,6.0,6.0,non_mandatory,1,Work1,Work1
782,355,30339,1002328.0,Home,1008,17112554_2,1711255401_2,Thursday,Work,1,1,Work,18493.0,697605.0,362,997,0,3,782,DRIVEALONEFREE,,non_mandatory,5.0,5.0,non_mandatory,1,Work1,Work1
789,404,844,971926.0,Home,1190,17112575_2,1711257501_2,Thursday,Work,1,1,Work,33089.0,893415.0,420,1152,0,1,789,DRIVEALONEFREE,,non_mandatory,6.0,6.0,non_mandatory,1,Work1,Work1
794,626,7720,1061692.0,Home,1245,17112650_2,1711265002_2,Thursday,Work,1,4,Work,20797.0,671556.0,641,1092,0,1,794,SHARED2FREE,,non_mandatory,10.0,10.0,non_mandatory,1,Work1,Work1
902,1075,25298,732241.0,Home,1090,17114461_2,1711446101_2,Thursday,shopping,1,1,other,30446.0,96590.0,1080,1085,0,0,902,WALK,,non_mandatory,17.0,17.0,non_mandatory,4,shopping4,shopping4
905,435,25925,893874.0,Home,1025,17114492_2,1711449201_2,Thursday,Work,1,1,Work,648.0,790364.0,475,990,0,1,905,WALK_LOC,,non_mandatory,7.0,7.0,non_mandatory,1,Work1,Work1
912,452,19887,638536.0,Home,1241,17114543_2,1711454301_2,Thursday,Work,2,2,Work,2418.0,883189.0,519,1038,0,1,912,WALK_LOC,,non_mandatory,7.0,7.0,non_mandatory,1,Work1,Work1
926,511,20665,1213992.0,Home,1004,17114648_2,1711464801_2,Thursday,Work,3,3,Work,20665.0,934474.0,526,990,0,1,926,SHARED2FREE,,non_mandatory,8.0,8.0,non_mandatory,1,Work1,Work1
971,435,14631,768656.0,Home,1270,17115231_2,1711523101_2,Thursday,Work,1,5,Work,4159.0,1096205.0,460,1025,0,1,971,SHARED2FREE,,non_mandatory,7.0,7.0,non_mandatory,1,Work1,Work1
1000,527,21444,740760.0,Home,1288,17115569_2,1711556901_2,Thursday,Work,1,3,Work,910.0,651779.0,538,1059,0,1,1000,SHARED2FREE,,non_mandatory,8.0,8.0,non_mandatory,1,Work1,Work1
1011,420,25858,590501.0,Home,1059,17115751_2,1711575101_2,Thursday,Work,1,1,Work,15142.0,19051.0,467,1034,0,1,1011,WALK_LOC,,non_mandatory,7.0,7.0,non_mandatory,1,Work1,Work1
1031,475,36860,377085.0,Home,1030,17116081_2,1711608101_2,Thursday,Work,1,1,Work,36286.0,259828.0,490,1020,0,1,1031,DRIVEALONEFREE,,non_mandatory,7.0,7.0,non_mandatory,1,Work1,Work1
1036,435,34887,67921.0,Home,1110,17116132_2,1711613201_2,Thursday,Work,2,1,Work,22170.0,995402.0,480,1065,0,2,1036,DRIVEALONEFREE,,non_mandatory,7.0,7.0,non_mandatory,1,Work1,Work1
1075,460,2911,715169.0,Home,955,17116963_2,1711696301_2,Thursday,Work,1,2,Work,29371.0,857703.0,480,905,0,1,1075,DRIVEALONEFREE,,non_mandatory,7.0,7.0,non_mandatory,1,Work1,Work1
1122,406,14955,875224.0,Home,1255,17117645_2,1711764501_2,Thursday,Work,1,2,Work,30006.0,800871.0,451,937,0,1,1122,DRIVEALONEFREE,,non_mandatory,6.0,6.0,non_mandatory,1,Work1,Work1
1142,450,3163,1054080.0,Home,1260,17117878_2,1711787801_2,Thursday,Work,2,1,other,30988.0,973341.0,530,1230,0,1,1142,WALK_LOC,,non_mandatory,7.0,7.0,non_mandatory,1,Work1,Work1
1149,470,266,945203.0,Home,720,17117898_2,1711789801_2,Thursday,Work,1,1,Work,24560.0,949012.0,480,715,0,1,1149,DRIVEALONEFREE,,non_mandatory,7.0,7.0,non_mandatory,1,Work1,Work1
1151,775,266,945203.0,Home,1170,17117898_2,1711789801_2,Thursday,Work,1,3,Work,24560.0,949012.0,780,1025,0,1,1151,SHARED2FREE,,non_mandatory,12.0,12.0,non_mandatory,2,Work2,Work2
1168,430,714,1084253.0,Home,1085,17118065_2,1711806501_2,Thursday,Work,1,1,Work,21257.0,902276.0,475,1040,0,1,1168,SHARED2FREE,,non_mandatory,7.0,7.0,non_mandatory,1,Work1,Work1
1170,445,714,1084253.0,Home,1020,17118065_2,1711806502_2,Thursday,Work,1,1,Work,21005.0,1198696.0,470,1000,0,1,1170,WALK_LOC,,non_mandatory,7.0,7.0,non_mandatory,1,Work1,Work1
1174,545,34099,676526.0,Home,1030,17118150_2,1711815001_2,Thursday,Work,1,1,Work,27204.0,597419.0,590,1005,0,1,1174,WALK_LOC,,non_mandatory,9.0,9.0,non_mandatory,1,Work1,Work1
1205,505,7184,639689.0,Home,1222,17118797_2,1711879701_2,Thursday,Work,1,1,Work,58517.0,21388.0,538,1196,0,1,1205,DRIVEALONEFREE,,non_mandatory,8.0,8.0,non_mandatory,1,Work1,Work1
1240,510,34643,108099.0,Home,790,17119312_2,1711931202_2,Thursday,Work,1,1,Work,34645.0,698581.0,520,780,0,1,1240,WALK,,non_mandatory,8.0,8.0,non_mandatory,1,Work1,Work1
1246,555,20601,1026566.0,Home,1140,17119401_2,1711940101_2,Thursday,Work,1,1,Work,3390.0,777127.0,585,1095,0,1,1246,WALK_LOC,,non_mandatory,9.0,9.0,non_mandatory,1,Work1,Work1
1318,520,35815,66211.0,Home,1090,17121007_2,1712100702_2,Thursday,Work,1,1,Work,2836.0,111682.0,545,1050,0,1,1318,SHARED2FREE,,non_mandatory,8.0,8.0,non_mandatory,1,Work1,Work1
1350,330,15982,787044.0,Home,975,17121517_2,1712151701_2,Thursday,Work,1,2,Work,10544.0,1074419.0,355,930,0,1,1350,WALK_LR,,non_mandatory,5.0,5.0,non_mandatory,1,Work1,Work1
1361,390,15091,81691.0,Home,1085,17121646_2,1712164601_2,Thursday,Work,1,1,Work,27219.0,944773.0,420,1050,0,1,1361,BIKE,,non_mandatory,6.0,6.0,non_mandatory,1,Work1,Work1
1364,390,13114,617729.0,Home,970,17121692_2,1712169201_2,Thursday,Work,1,1,Work,23964.0,1259686.0,405,945,0,1,1364,DRIVEALONEFREE,,non_mandatory,6.0,6.0,non_mandatory,1,Work1,Work1
1367,385,27488,1057078.0,Home,1005,17121735_2,1712173501_2,Thursday,Work,1,1,Work,22227.0,750954.0,420,960,0,1,1367,DRIVEALONEFREE,,non_mandatory,6.0,6.0,non_mandatory,1,Work1,Work1
1371,510,5872,930373.0,Home,1135,17121856_2,1712185601_2,Thursday,Work,1,2,Work,15452.0,1109102.0,525,1000,0,1,1371,DRIVEALONEFREE,,non_mandatory,8.0,8.0,non_mandatory,1,Work1,Work1
1462,1055,9336,850009.0,Home,1065,17123251_2,1712325101_2,Thursday,othdiscr,1,1,other,13394.0,716417.0,1060,1060,0,0,1462,WALK,,non_mandatory,17.0,17.0,non_mandatory,4,othdiscr4,othdiscr4
1463,1275,9336,850009.0,Home,1285,17123251_2,1712325101_2,Thursday,othdiscr,1,1,other,13394.0,716417.0,1280,1280,0,0,1463,WALK,,non_mandatory,21.0,21.0,non_mandatory,5,othdiscr5,othdiscr5
1471,594,43906,445231.0,Home,1163,17123482_2,1712348201_2,Thursday,Work,1,3,Work,42292.0,405270.0,614,1024,0,1,1471,SHARED2FREE,,non_mandatory,9.0,9.0,non_mandatory,1,Work1,Work1
1480,720,1438,655020.0,Home,970,17123584_2,1712358401_2,Thursday,Work,1,1,Work,12598.0,622064.0,755,930,0,1,1480,WALK_LR,,non_mandatory,12.0,12.0,non_mandatory,1,Work1,Work1
1498,627,1648,158536.0,Home,1157,17123868_2,1712386801_2,Thursday,Work,1,1,Work,3543.0,661301.0,648,1137,0,1,1498,SHARED2FREE,,non_mandatory,10.0,10.0,non_mandatory,1,Work1,Work1
1519,345,19349,1182506.0,Home,1065,17124093_2,1712409301_2,Thursday,Work,1,1,Work,24072.0,1234012.0,390,1030,0,1,1519,BIKE,,non_mandatory,5.0,5.0,non_mandatory,1,Work1,Work1
1537,422,25809,713226.0,Home,956,17124316_2,1712431602_2,Thursday,Work,1,1,Work,49097.0,171588.0,469,908,0,1,1537,DRIVEALONEFREE,,non_mandatory,7.0,7.0,non_mandatory,1,Work1,Work1
1587,480,13171,796313.0,Home,1050,17124943_2,1712494301_2,Thursday,Work,1,1,Work,24046.0,1069930.0,495,1020,0,1,1587,WALK_LR,,non_mandatory,8.0,8.0,non_mandatory,1,Work1,Work1
1604,470,15436,1016998.0,Home,1030,17125286_2,1712528601_2,Thursday,Work,1,1,Work,59777.0,711902.0,495,1000,0,1,1604,DRIVEALONEFREE,,non_mandatory,7.0,7.0,non_mandatory,1,Work1,Work1
1615,435,24298,1120106.0,Home,1040,17125391_2,1712539101_2,Thursday,Work,2,1,Work,14137.0,718281.0,465,1020,0,1,1615,SHARED2FREE,,non_mandatory,7.0,7.0,non_mandatory,1,Work1,Work1
1620,690,9652,141517.0,Home,745,17125439_2,1712543901_2,Thursday,Work,1,1,Work,7530.0,135594.0,705,735,0,1,1620,DRIVEALONEFREE,,non_mandatory,11.0,11.0,non_mandatory,1,Work1,Work1
1624,555,12656,,Home,1225,17125472_2,1712547201_2,Thursday,Work,1,2,Work,1.0,,575,1035,0,1,1624,WALK_LOC,,non_mandatory,9.0,9.0,non_mandatory,1,Work1,Work1
1629,529,13115,996662.0,Home,1056,17125516_2,1712551601_2,Thursday,Work,1,1,Work,4680.0,1068192.0,551,1026,0,1,1629,DRIVEALONEFREE,,non_mandatory,8.0,8.0,non_mandatory,1,Work1,Work1
1649,455,7940,156866.0,Home,1200,17125765_2,1712576501_2,Thursday,Work,2,2,Work,33090.0,1032587.0,575,1120,0,1,1649,DRIVEALONEFREE,,non_mandatory,7.0,7.0,non_mandatory,1,Work1,Work1
1686,370,51355,562323.0,Home,1100,17126178_2,1712617801_2,Thursday,Work,1,1,Work,12656.0,441907.0,465,1000,0,1,1686,WALK_LOC,,non_mandatory,6.0,6.0,non_mandatory,1,Work1,Work1
1719,425,3879,1139170.0,Home,1030,17126849_2,1712684901_2,Thursday,Work,2,1,Work,12926.0,1068823.0,455,990,0,1,1719,WALK_LOC,,non_mandatory,7.0,7.0,non_mandatory,1,Work1,Work1
1729,463,19114,1136668.0,Home,1260,17127031_2,1712703101_2,Thursday,Work,2,2,Work,3390.0,777127.0,591,1214,0,1,1729,BIKE,,non_mandatory,7.0,7.0,non_mandatory,1,Work1,Work1
1814,551,20618,60474.0,Home,1003,17128325_2,1712832501_2,Thursday,Work,1,1,Work,20528.0,1254599.0,573,975,0,1,1814,BIKE,,non_mandatory,9.0,9.0,non_mandatory,1,Work1,Work1
1823,500,20035,621846.0,Home,1100,17128439_2,1712843901_2,Thursday,Work,1,1,Work,14450.0,929319.0,525,1065,0,1,1823,WALK_LR,,non_mandatory,8.0,8.0,non_mandatory,1,Work1,Work1
1828,360,57,839198.0,Home,1155,17128640_2,1712864001_2,Thursday,Work,1,1,Work,32326.0,80869.0,375,1120,0,2,1828,WALK_LOC,,non_mandatory,6.0,6.0,non_mandatory,1,Work1,Work1
1831,570,57,839198.0,Home,1320,17128640_2,1712864002_2,Thursday,Work,1,3,Work,16733.0,1185398.0,585,1080,0,1,1831,DRIVEALONEFREE,,non_mandatory,9.0,9.0,non_mandatory,1,Work1,Work1
1856,675,30071,783402.0,Home,1315,17128839_2,1712883902_2,Thursday,Work,1,1,Work,34636.0,106061.0,730,1255,0,1,1856,WALK_LOC,,non_mandatory,11.0,11.0,non_mandatory,1,Work1,Work1
1910,401,9460,741767.0,Home,1021,17129562_2,1712956202_2,Thursday,Work,1,1,Work,17139.0,1004048.0,412,1007,0,1,1910,SHARED2FREE,,non_mandatory,6.0,6.0,non_mandatory,1,Work1,Work1
1949,960,13571,654149.0,Home,970,17130048_2,1713004801_2,Thursday,othdiscr,1,1,other,34886.0,926611.0,965,965,0,0,1949,WALK,,non_mandatory,16.0,16.0,non_mandatory,4,othdiscr4,othdiscr4
1950,1160,13571,654149.0,Home,1170,17130048_2,1713004801_2,Thursday,othdiscr,1,1,other,34886.0,926611.0,1165,1165,0,0,1950,WALK,,non_mandatory,19.0,19.0,non_mandatory,5,othdiscr5,othdiscr5
1973,285,5761,763294.0,Home,975,17130406_2,1713040601_2,Thursday,Work,2,1,Work,23087.0,630658.0,420,960,0,1,1973,DRIVEALONEFREE,,non_mandatory,5.0,5.0,non_mandatory,1,Work1,Work1
2009,487,11546,1146174.0,Home,1018,17130873_2,1713087301_2,Thursday,Work,1,1,Work,3190.0,698783.0,507,1005,0,1,2009,DRIVEALONEFREE,,non_mandatory,8.0,8.0,non_mandatory,1,Work1,Work1
2042,530,8573,1200936.0,Home,1115,17131906_2,1713190601_2,Thursday,Work,2,1,Work,9115.0,139629.0,560,1095,0,1,2042,SHARED2FREE,,non_mandatory,8.0,8.0,non_mandatory,1,Work1,Work1
2047,400,27533,745047.0,Home,1005,17131930_2,1713193002_2,Thursday,Work,1,1,Work,57019.0,59937.0,440,960,0,1,2047,SHARED3FREE,,non_mandatory,6.0,6.0,non_mandatory,1,Work1,Work1
2052,425,28850,32869.0,Home,1150,17131958_2,1713195802_2,Thursday,Work,2,1,Work,11047.0,677158.0,455,1125,0,1,2052,SHARED2FREE,,non_mandatory,7.0,7.0,non_mandatory,1,Work1,Work1
2078,485,21448,626655.0,Home,1030,17132421_2,1713242101_2,Thursday,Work,1,1,Work,30989.0,701322.0,505,1005,0,1,2078,WALK_LOC,,non_mandatory,8.0,8.0,non_mandatory,1,Work1,Work1
2084,360,56836,783468.0,Home,1155,17132518_2,1713251801_2,Thursday,Work,1,4,Work,319.0,775988.0,420,960,0,1,2084,DRIVEALONEFREE,,non_mandatory,6.0,6.0,non_mandatory,1,Work1,Work1
2118,557,19537,992154.0,Home,1110,17132805_2,1713280501_2,Thursday,Work,1,1,Work,20072.0,818953.0,571,1090,0,1,2118,SHARED2FREE,,non_mandatory,9.0,9.0,non_mandatory,1,Work1,Work1
2146,535,4352,1025549.0,Home,1080,17133117_2,1713311701_2,Thursday,Work,1,2,Work,12656.0,709135.0,565,1035,0,1,2146,WALK,,non_mandatory,8.0,8.0,non_mandatory,1,Work1,Work1
2159,603,28536,968367.0,Home,891,17133389_2,1713338902_2,Thursday,Work,1,1,Work,26908.0,947993.0,607,887,0,1,2159,DRIVEALONEFREE,,non_mandatory,10.0,10.0,non_mandatory,1,Work1,Work1
2196,480,12417,1086725.0,Home,1085,17134145_2,1713414501_2,Thursday,Work,2,2,Work,21002.0,1167599.0,530,1030,0,1,2196,SHARED3FREE,,non_mandatory,8.0,8.0,non_mandatory,1,Work1,Work1
2280,500,2695,728619.0,Home,1013,17136079_2,1713607901_2,Thursday,Work,1,1,Work,2836.0,111682.0,549,963,0,1,2280,WALK_LOC,,non_mandatory,8.0,8.0,non_mandatory,1,Work1,Work1
2292,490,14449,1191455.0,Home,1270,17136200_2,1713620001_2,Thursday,Work,1,2,Work,30989.0,701322.0,505,1080,0,2,2292,WALK,,non_mandatory,8.0,8.0,non_mandatory,1,Work1,Work1
2315,544,35782,1184888.0,Home,1116,17136976_2,1713697602_2,Thursday,Work,1,1,Work,2076.0,1230053.0,557,1101,0,1,2315,SHARED2FREE,,non_mandatory,9.0,9.0,non_mandatory,1,Work1,Work1
2375,480,16188,686318.0,Home,1085,17137638_2,1713763802_2,Thursday,Work,2,1,Work,34645.0,679906.0,530,1050,0,1,2375,WALK_LR,,non_mandatory,8.0,8.0,non_mandatory,1,Work1,Work1
2395,590,65937,999578.0,Home,1170,17137982_2,1713798202_2,Thursday,Work,1,1,Work,17961.0,1143249.0,620,1130,0,1,2395,DRIVEALONEFREE,,non_mandatory,9.0,9.0,non_mandatory,1,Work1,Work1
2456,538,7944,808040.0,Home,1116,17139073_2,1713907301_2,Thursday,Work,5,1,Work,11236.0,1204464.0,594,1093,0,1,2456,DRIVEALONEFREE,,non_mandatory,8.0,8.0,non_mandatory,1,Work1,Work1
2464,476,34194,1055509.0,Home,991,17139098_2,1713909801_2,Thursday,Work,1,1,Work,18756.0,62519.0,511,959,0,1,2464,DRIVEALONEFREE,,non_mandatory,7.0,7.0,non_mandatory,1,Work1,Work1
2466,392,34194,1238376.0,Home,988,17139098_2,1713909802_2,Thursday,Work,1,1,Work,16343.0,1114877.0,406,972,0,1,2466,DRIVEALONEFREE,,non_mandatory,6.0,6.0,non_mandatory,1,Work1,Work1
2472,500,1858,1082553.0,Home,1040,17139106_2,1713910603_2,Thursday,Work,1,1,Work,35799.0,1227765.0,510,1025,0,1,2472,SHARED2FREE,,non_mandatory,8.0,8.0,non_mandatory,1,Work1,Work1
2525,320,20042,979839.0,Home,970,17139992_2,1713999201_2,Thursday,Work,1,1,Work,4159.0,1096205.0,360,930,0,1,2525,WALK_LR,,non_mandatory,5.0,5.0,non_mandatory,1,Work1,Work1
2534,540,16940,1193335.0,Home,1080,17140106_2,1714010601_2,Thursday,Work,1,1,Work,10316.0,65794.0,570,1050,0,2,2534,SHARED3FREE,,non_mandatory,9.0,9.0,non_mandatory,1,Work1,Work1
2547,515,3892,968909.0,Home,1065,17140500_2,1714050001_2,Thursday,Work,1,1,Work,30977.0,874752.0,545,1030,0,1,2547,WALK_LOC,,non_mandatory,8.0,8.0,non_mandatory,1,Work1,Work1
2556,360,34184,1087026.0,Home,940,17140699_2,1714069901_2,Thursday,Work,1,2,Work,10953.0,1006080.0,380,850,0,1,2556,SHARED2FREE,,non_mandatory,6.0,6.0,non_mandatory,1,Work1,Work1
2559,465,1342,1122329.0,Home,1040,17140778_2,1714077801_2,Thursday,Work,1,1,Work,30989.0,701322.0,525,975,0,1,2559,WALK_LOC,,non_mandatory,7.0,7.0,non_mandatory,1,Work1,Work1
2573,440,35782,58957.0,Home,1030,17141366_2,1714136601_2,Thursday,Work,1,1,Work,4147.0,706359.0,490,970,0,1,2573,WALK_LOC,,non_mandatory,7.0,7.0,non_mandatory,1,Work1,Work1
2575,445,12566,34321.0,Home,1060,17141431_2,1714143101_2,Thursday,Work,2,1,Work,8581.0,1110393.0,480,1020,0,1,2575,SHARED2FREE,,non_mandatory,7.0,7.0,non_mandatory,1,Work1,Work1
2585,435,35782,58957.0,Home,1050,17141518_2,1714151801_2,Thursday,Work,1,1,Work,34645.0,679906.0,505,990,0,1,2585,WALK_LOC,,non_mandatory,7.0,7.0,non_mandatory,1,Work1,Work1
2616,390,32993,867860.0,Home,1065,17141942_2,1714194202_2,Thursday,Work,1,1,Work,15376.0,598877.0,450,990,0,1,2616,DRIVEALONEFREE,,non_mandatory,6.0,6.0,non_mandatory,1,Work1,Work1
2634,535,21671,1088994.0,Home,1070,17142200_2,1714220001_2,Thursday,Work,2,3,Work,18366.0,1244541.0,555,1004,0,1,2634,WALK_LR,,non_mandatory,8.0,8.0,non_mandatory,1,Work1,Work1
2659,510,19111,715330.0,Home,990,17142471_2,1714247101_2,Thursday,Work,1,1,Work,14668.0,851002.0,540,960,0,1,2659,DRIVEALONEFREE,,non_mandatory,8.0,8.0,non_mandatory,1,Work1,Work1
2696,416,11342,1092993.0,Home,1093,17142909_2,1714290901_2,Thursday,Work,1,1,Work,16191.0,1216113.0,461,1038,0,1,2696,WALK_LOC,,non_mandatory,6.0,6.0,non_mandatory,1,Work1,Work1
2779,495,2090,694719.0,Home,1065,17144198_2,1714419801_2,Thursday,Work,1,1,Work,61504.0,647172.0,520,1035,0,1,2779,SHARED3FREE,,non_mandatory,8.0,8.0,non_mandatory,1,Work1,Work1
2806,365,7704,84218.0,Home,1080,17144697_2,1714469701_2,Thursday,Work,2,1,Work,17961.0,1143249.0,510,1035,0,1,2806,DRIVEALONEFREE,,non_mandatory,6.0,6.0,non_mandatory,1,Work1,Work1
2849,510,19304,887617.0,Home,1005,17145958_2,1714595801_2,Thursday,Work,1,1,Work,24032.0,45867.0,545,955,0,1,2849,WALK_LOC,,non_mandatory,8.0,8.0,non_mandatory,1,Work1,Work1
2853,1245,19304,887617.0,Home,1255,17145958_2,1714595801_2,Thursday,othdiscr,1,1,other,24574.0,969883.0,1250,1250,0,0,2853,WALK,,non_mandatory,20.0,20.0,non_mandatory,4,othdiscr4,othdiscr4
2861,368,43368,489844.0,Home,941,17146110_2,1714611001_2,Thursday,Work,1,2,Work,43803.0,563026.0,392,902,0,2,2861,BIKE,,non_mandatory,6.0,6.0,non_mandatory,1,Work1,Work1
2875,450,30746,1032248.0,Home,1050,17146362_2,1714636202_2,Thursday,Work,1,2,Work,12656.0,709135.0,475,1005,0,1,2875,WALK_LOC,,non_mandatory,7.0,7.0,non_mandatory,1,Work1,Work1
2902,394,20618,990276.0,Home,1004,17146955_2,1714695502_2,Thursday,Work,1,1,Work,28158.0,579997.0,417,965,0,1,2902,DRIVEALONEFREE,,non_mandatory,6.0,6.0,non_mandatory,1,Work1,Work1
2980,460,12773,1176348.0,Home,1015,17148185_2,1714818502_2,Thursday,Work,1,1,Work,1769.0,666130.0,480,990,0,1,2980,SHARED2FREE,,non_mandatory,7.0,7.0,non_mandatory,1,Work1,Work1
2986,390,14645,646584.0,Home,1000,17148214_2,1714821402_2,Thursday,Work,1,1,Work,23736.0,1261055.0,400,990,0,1,2986,WALK,,non_mandatory,6.0,6.0,non_mandatory,1,Work1,Work1
2996,415,30985,142110.0,Home,935,17148459_2,1714845901_2,Thursday,Work,1,1,Work,30989.0,701322.0,420,930,0,1,2996,WALK,,non_mandatory,6.0,6.0,non_mandatory,1,Work1,Work1
2998,540,30985,142110.0,Home,1090,17148459_2,1714845902_2,Thursday,Work,1,2,Work,34646.0,124976.0,555,960,0,1,2998,WALK,,non_mandatory,9.0,9.0,non_mandatory,1,Work1,Work1
3009,368,1648,1172992.0,Home,965,17148836_2,1714883601_2,Thursday,Work,1,1,Work,18493.0,1106757.0,374,949,0,1,3009,DRIVEALONEFREE,,non_mandatory,6.0,6.0,non_mandatory,1,Work1,Work1
3011,541,1648,1172992.0,Home,1089,17148836_2,1714883602_2,Thursday,Work,1,2,Work,27050.0,1195777.0,547,1064,0,1,3011,SHARED2FREE,,non_mandatory,9.0,9.0,non_mandatory,1,Work1,Work1
3013,495,21112,648522.0,Home,1130,17148852_2,1714885201_2,Thursday,Work,1,2,Work,14475.0,762700.0,525,930,0,1,3013,DRIVEALONEFREE,,non_mandatory,8.0,8.0,non_mandatory,1,Work1,Work1
3042,365,57115,589168.0,Home,1215,17149507_2,1714950701_2,Thursday,Work,1,2,Work,17963.0,7560.0,445,1020,0,1,3042,WALK_LOC,,non_mandatory,6.0,6.0,non_mandatory,1,Work1,Work1
3046,540,7747,1067667.0,Home,1150,17149527_2,1714952701_2,Thursday,Work,2,2,Work,11926.0,1214012.0,590,1020,0,1,3046,SHARED2FREE,,non_mandatory,9.0,9.0,non_mandatory,1,Work1,Work1
3090,538,9408,1222452.0,Home,1113,17150330_2,1715033002_2,Thursday,Work,1,1,Work,34223.0,943191.0,559,1095,0,1,3090,DRIVEALONEFREE,,non_mandatory,8.0,8.0,non_mandatory,1,Work1,Work1
3180,500,11275,998070.0,Home,1050,17151910_2,1715191001_2,Thursday,Work,1,1,Work,34636.0,106061.0,525,1020,0,1,3180,WALK_LR,,non_mandatory,8.0,8.0,non_mandatory,1,Work1,Work1
3250,465,11062,908427.0,Home,1215,17152560_2,1715256001_2,Thursday,Work,1,2,Work,14437.0,1211470.0,495,1125,0,1,3250,WALK_LOC,,non_mandatory,7.0,7.0,non_mandatory,1,Work1,Work1
3253,465,10033,810801.0,Home,1095,17152560_2,1715256003_2,Thursday,Work,1,2,Work,34637.0,834998.0,510,1005,0,1,3253,WALK_LOC,,non_mandatory,7.0,7.0,non_mandatory,1,Work1,Work1
3272,488,20795,1130967.0,Home,986,17153024_2,1715302402_2,Thursday,Work,1,2,Work,9034.0,94222.0,504,958,0,1,3272,WALK,,non_mandatory,8.0,8.0,non_mandatory,1,Work1,Work1
3322,1029,873,619770.0,Home,1047,17153751_2,1715375101_2,Thursday,shopping,1,1,other,25852.0,1005239.0,1036,1042,0,0,3322,DRIVEALONEFREE,,non_mandatory,17.0,17.0,non_mandatory,4,shopping4,shopping4
3328,419,20463,,Home,1101,191000001_2,19100000101_2,Thursday,Work,1,1,Work,23183.0,,449,1079,0,1,3328,DRIVEALONEFREE,,non_mandatory,6.0,6.0,non_mandatory,1,Work1,Work1
3346,450,9018,919714.0,Home,1105,191000373_2,19100037301_2,Thursday,Work,1,1,Work,10547.0,78878.0,470,1060,0,1,3346,DRIVEALONEFREE,,non_mandatory,7.0,7.0,non_mandatory,1,Work1,Work1
3366,430,18621,759370.0,Home,1115,191000529_2,19100052901_2,Thursday,Work,1,2,Work,5157.0,1142750.0,465,1020,0,1,3366,WALK_LOC,,non_mandatory,7.0,7.0,non_mandatory,1,Work1,Work1
3416,395,28789,804985.0,Home,1175,191001458_2,19100145801_2,Thursday,Work,1,1,Work,740.0,895228.0,425,1150,0,1,3416,WALK_LOC,,non_mandatory,6.0,6.0,non_mandatory,1,Work1,Work1
3433,499,7944,808040.0,Home,1047,191001755_2,19100175502_2,Thursday,Work,1,1,Work,34644.0,744216.0,531,1012,0,1,3433,WALK_LR,,non_mandatory,8.0,8.0,non_mandatory,1,Work1,Work1
3445,560,37112,200608.0,Home,1160,191001933_2,19100193301_2,Thursday,Work,1,1,Work,20623.0,1272966.0,630,1080,0,1,3445,WALK_FRY,,non_mandatory,9.0,9.0,non_mandatory,1,Work1,Work1
3480,540,22145,1100650.0,Home,1111,191002744_2,19100274401_2,Thursday,Work,1,1,Work,22294.0,637141.0,595,1036,0,1,3480,WALK,,non_mandatory,9.0,9.0,non_mandatory,1,Work1,Work1
3485,542,22145,609453.0,Home,1102,191002744_2,19100274402_2,Thursday,Work,1,1,Work,12257.0,659531.0,587,1041,0,1,3485,SHARED2FREE,,non_mandatory,9.0,9.0,non_mandatory,1,Work1,Work1
3516,450,24574,819116.0,Home,995,191003274_2,19100327401_2,Thursday,Work,1,1,Work,12155.0,631075.0,495,960,0,1,3516,WALK_LOC,,non_mandatory,7.0,7.0,non_mandatory,1,Work1,Work1
3554,545,4356,816502.0,Home,1199,191003993_2,19100399301_2,Thursday,Work,1,2,Work,12830.0,945355.0,579,1066,0,1,3554,SHARED3FREE,,non_mandatory,9.0,9.0,non_mandatory,1,Work1,Work1
3599,440,32043,959911.0,Home,1000,191004562_2,19100456201_2,Thursday,Work,1,1,Work,15448.0,39522.0,480,960,0,1,3599,WALK_LOC,,non_mandatory,7.0,7.0,non_mandatory,1,Work1,Work1
3601,480,33563,1168270.0,Home,1147,191004566_2,19100456601_2,Thursday,Work,1,2,Work,31367.0,1055751.0,655,1103,0,1,3601,SHARED2FREE,,non_mandatory,8.0,8.0,non_mandatory,1,Work1,Work1
3608,450,35888,409871.0,Home,1045,191004763_2,19100476302_2,Thursday,Work,1,2,Work,40172.0,213584.0,495,1020,0,3,3608,WALK_LOC,,non_mandatory,7.0,7.0,non_mandatory,1,Work1,Work1
3618,613,27742,1087399.0,Home,1173,191004973_2,19100497301_2,Thursday,Work,1,1,Work,30977.0,1026276.0,665,1115,0,1,3618,WALK_LOC,,non_mandatory,10.0,10.0,non_mandatory,1,Work1,Work1
3663,420,25294,1195434.0,Home,1010,191005626_2,19100562602_2,Thursday,Work,1,1,Work,34637.0,1124444.0,440,990,0,1,3663,BIKE,,non_mandatory,7.0,7.0,non_mandatory,1,Work1,Work1
3705,443,20628,947057.0,Home,1098,191006204_2,19100620401_2,Thursday,Work,1,2,Work,6294.0,923871.0,482,1049,0,1,3705,WALK_LOC,,non_mandatory,7.0,7.0,non_mandatory,1,Work1,Work1
3712,580,21013,716577.0,Home,1045,191006405_2,19100640501_2,Thursday,Work,1,1,Work,10330.0,625574.0,603,1025,0,1,3712,DRIVEALONEFREE,,non_mandatory,9.0,9.0,non_mandatory,1,Work1,Work1
3761,564,30128,649139.0,Home,1181,191006981_2,19100698101_2,Thursday,Work,1,1,Work,3390.0,777127.0,599,1134,0,1,3761,BIKE,,non_mandatory,9.0,9.0,non_mandatory,1,Work1,Work1
3792,375,25635,609856.0,Home,1005,191007697_2,19100769701_2,Thursday,Work,1,1,Work,10541.0,889187.0,405,975,0,1,3792,WALK_LOC,,non_mandatory,6.0,6.0,non_mandatory,1,Work1,Work1
3797,440,13871,922883.0,Home,1070,191007737_2,19100773701_2,Thursday,Work,1,1,Work,14181.0,718372.0,475,1020,0,1,3797,WALK_LOC,,non_mandatory,7.0,7.0,non_mandatory,1,Work1,Work1
3889,492,33306,846038.0,Home,1055,191009576_2,19100957601_2,Thursday,Work,3,1,Work,4160.0,1213907.0,625,992,0,1,3889,WALK_LOC,,non_mandatory,8.0,8.0,non_mandatory,1,Work1,Work1
3917,532,19157,31130.0,Home,1145,191009978_2,19100997802_2,Thursday,Work,1,3,Work,22438.0,744072.0,558,939,0,1,3917,SHARED2FREE,,non_mandatory,8.0,8.0,non_mandatory,1,Work1,Work1
3948,1020,23493,683632.0,Home,1120,191010688_2,19101068801_2,Thursday,othmaint,1,1,other,20056.0,1203320.0,1025,1105,0,0,3948,SHARED3FREE,,non_mandatory,17.0,17.0,non_mandatory,4,othmaint4,othmaint4
3954,1020,23493,683632.0,Home,1030,191010688_2,19101068803_2,Thursday,othmaint,1,1,other,20056.0,1203320.0,1025,1025,0,0,3954,SHARED3FREE,,non_mandatory,17.0,17.0,non_mandatory,4,othmaint4,othmaint4
4052,453,13173,1175365.0,Home,1025,191012513_2,19101251301_2,Thursday,Work,1,2,Work,24032.0,83557.0,455,1002,0,1,4052,WALK,,non_mandatory,7.0,7.0,non_mandatory,1,Work1,Work1
4080,331,37465,404216.0,Home,1193,191013345_2,19101334501_2,Thursday,Work,3,3,other,11060.0,697183.0,464,982,0,1,4080,WALK_FRY,,non_mandatory,5.0,5.0,non_mandatory,1,Work1,Work1
4136,688,29653,140269.0,Home,1070,191014442_2,19101444201_2,Thursday,Work,1,2,Work,13417.0,592898.0,697,987,0,1,4136,DRIVEALONEFREE,,non_mandatory,11.0,11.0,non_mandatory,1,Work1,Work1
4149,580,21671,,Home,990,191014907_2,19101490701_2,Thursday,Work,1,1,Work,1.0,,615,955,0,1,4149,WALK_LOC,,non_mandatory,9.0,9.0,non_mandatory,1,Work1,Work1
4170,491,27430,686990.0,Home,1027,191015195_2,19101519501_2,Thursday,Work,1,3,Work,12658.0,730508.0,515,908,0,1,4170,BIKE,,non_mandatory,8.0,8.0,non_mandatory,1,Work1,Work1
4173,407,27430,686990.0,Home,1118,191015195_2,19101519502_2,Thursday,Work,4,2,Work,10056.0,921484.0,517,1073,0,1,4173,WALK_LOC,,non_mandatory,6.0,6.0,non_mandatory,1,Work1,Work1
4178,419,12906,598511.0,Home,1135,191015335_2,19101533501_2,Thursday,Work,1,1,Work,34074.0,1077995.0,436,1118,0,1,4178,WALK,,non_mandatory,6.0,6.0,non_mandatory,1,Work1,Work1
4248,434,7743,1124993.0,Home,1156,191016539_2,19101653901_2,Thursday,Work,1,1,Work,200.0,657253.0,462,1131,0,1,4248,WALK_LOC,,non_mandatory,7.0,7.0,non_mandatory,1,Work1,Work1
4348,520,13171,663118.0,Home,1270,191018612_2,19101861201_2,Thursday,Work,1,2,Work,3186.0,125711.0,545,1120,0,1,4348,WALK,,non_mandatory,8.0,8.0,non_mandatory,1,Work1,Work1
4367,445,12357,1079750.0,Home,1200,191018906_2,19101890602_2,Thursday,Work,1,2,Work,15421.0,767347.0,475,1125,0,1,4367,SHARED2FREE,,non_mandatory,7.0,7.0,non_mandatory,1,Work1,Work1
4387,475,21437,1075351.0,Home,1125,191019405_2,19101940501_2,Thursday,Work,1,2,Work,10547.0,78878.0,515,1045,0,1,4387,WALK_LOC,,non_mandatory,7.0,7.0,non_mandatory,1,Work1,Work1
4399,485,16189,743540.0,Home,1090,191019531_2,19101953101_2,Thursday,Work,1,2,Work,23191.0,686079.0,500,1040,0,1,4399,WALK,,non_mandatory,8.0,8.0,non_mandatory,1,Work1,Work1
4403,513,2896,1073293.0,Home,1059,191019648_2,19101964801_2,Thursday,Work,1,1,Work,3186.0,31776.0,535,1030,0,1,4403,WALK,,non_mandatory,8.0,8.0,non_mandatory,1,Work1,Work1
4425,475,26117,848193.0,Home,1096,191019998_2,19101999801_2,Thursday,Work,1,1,Work,11618.0,1032758.0,500,1074,0,1,4425,WALK_LR,,non_mandatory,7.0,7.0,non_mandatory,1,Work1,Work1
4509,540,14449,1191455.0,Home,1155,191021287_2,19102128701_2,Thursday,Work,1,2,Work,32533.0,156379.0,550,1050,0,1,4509,WALK,,non_mandatory,9.0,9.0,non_mandatory,1,Work1,Work1
4513,359,28140,850235.0,Home,1067,191021299_2,19102129901_2,Thursday,Work,1,2,Work,27260.0,633616.0,434,856,0,1,4513,DRIVEALONEFREE,,non_mandatory,5.0,5.0,non_mandatory,1,Work1,Work1
4532,585,4147,68907.0,Home,1250,191021506_2,19102150601_2,Thursday,Work,1,3,Work,11618.0,1032758.0,600,1050,0,2,4532,WALK,,non_mandatory,9.0,9.0,non_mandatory,1,Work1,Work1
4543,380,25608,1171991.0,Home,1266,191021799_2,19102179901_2,Thursday,Work,1,3,Work,13681.0,1182181.0,425,1174,0,1,4543,WALK_LOC,,non_mandatory,6.0,6.0,non_mandatory,1,Work1,Work1
4563,605,21465,828436.0,Home,1150,191022036_2,19102203602_2,Thursday,Work,1,1,Work,3838.0,1052966.0,630,1135,0,1,4563,WALK_LR,,non_mandatory,10.0,10.0,non_mandatory,1,Work1,Work1
4580,510,20463,1237895.0,Home,1060,191022178_2,19102217801_2,Thursday,Work,1,1,Work,11084.0,754779.0,530,1040,0,1,4580,BIKE,,non_mandatory,8.0,8.0,non_mandatory,1,Work1,Work1
4584,1375,20463,1237895.0,Home,1385,191022178_2,19102217801_2,Thursday,othdiscr,1,1,other,33593.0,826086.0,1380,1380,0,0,4584,WALK,,non_mandatory,22.0,22.0,non_mandatory,4,othdiscr4,othdiscr4
4663,420,26434,916893.0,Home,1055,191024233_2,19102423302_2,Thursday,Work,1,2,Work,22306.0,622509.0,465,990,0,1,4663,DRIVEALONEFREE,,non_mandatory,7.0,7.0,non_mandatory,1,Work1,Work1
4666,442,18117,1060829.0,Home,1084,191024245_2,19102424501_2,Thursday,Work,1,2,Work,1997.0,777382.0,489,1022,0,1,4666,BIKE,,non_mandatory,7.0,7.0,non_mandatory,1,Work1,Work1
4709,411,1263,1008095.0,Home,1417,191024670_2,19102467001_2,Thursday,Work,1,2,Work,32547.0,916485.0,450,1063,0,1,4709,WALK_LOC,,non_mandatory,6.0,6.0,non_mandatory,1,Work1,Work1
4730,805,59602,1121053.0,Home,1171,191025033_2,19102503302_2,Thursday,Work,1,1,Work,54985.0,946336.0,809,1163,0,1,4730,DRIVEALONEFREE,,non_mandatory,13.0,13.0,non_mandatory,1,Work1,Work1
4742,600,31232,924393.0,Home,1080,191025337_2,19102533701_2,Thursday,Work,1,1,Work,14942.0,62967.0,655,1020,0,1,4742,WALK_LOC,,non_mandatory,10.0,10.0,non_mandatory,1,Work1,Work1
4757,390,30402,1142644.0,Home,1055,191025494_2,19102549402_2,Thursday,Work,1,1,Work,15449.0,845759.0,418,1043,0,1,4757,WALK_LOC,,non_mandatory,6.0,6.0,non_mandatory,1,Work1,Work1
4764,445,27163,593754.0,Home,1239,191025627_2,19102562701_2,Thursday,Work,1,3,Work,21190.0,935063.0,489,1091,0,1,4764,WALK_LOC,,non_mandatory,7.0,7.0,non_mandatory,1,Work1,Work1
4924,510,3892,21241.0,Home,993,191028907_2,19102890702_2,Thursday,Work,1,3,Work,21642.0,36460.0,521,833,0,1,4924,WALK,,non_mandatory,8.0,8.0,non_mandatory,1,Work1,Work1
4945,618,28578,616315.0,Home,1137,191029206_2,19102920602_2,Thursday,Work,1,1,Work,15983.0,621478.0,625,1125,0,1,4945,DRIVEALONEFREE,,non_mandatory,10.0,10.0,non_mandatory,1,Work1,Work1
4952,435,19304,14270.0,Home,1017,191029340_2,19102934001_2,Thursday,Work,2,3,Work,14260.0,754222.0,470,968,0,1,4952,SHARED2FREE,,non_mandatory,7.0,7.0,non_mandatory,1,Work1,Work1
4955,476,18341,712886.0,Home,1107,191029358_2,19102935802_2,Thursday,Work,1,3,other,5162.0,1018707.0,498,1030,0,1,4955,SHARED2FREE,,non_mandatory,7.0,7.0,non_mandatory,1,Work1,Work1
4965,416,25895,1039531.0,Home,975,191029548_2,19102954801_2,Thursday,Work,1,1,Work,25900.0,600792.0,427,966,0,1,4965,WALK,,non_mandatory,6.0,6.0,non_mandatory,1,Work1,Work1
5000,558,4369,767945.0,Home,1205,191029997_2,19102999701_2,Thursday,Work,1,4,Work,18882.0,750652.0,592,892,0,1,5000,WALK_LOC,,non_mandatory,9.0,9.0,non_mandatory,1,Work1,Work1
5010,575,15682,1147760.0,Home,1062,191030306_2,19103030601_2,Thursday,Work,1,1,Work,33878.0,786731.0,604,1034,0,1,5010,WALK,,non_mandatory,9.0,9.0,non_mandatory,1,Work1,Work1
5035,317,55126,594876.0,Home,794,191030739_2,19103073902_2,Thursday,Work,1,1,Work,31905.0,37459.0,332,780,0,1,5035,DRIVEALONEFREE,,non_mandatory,5.0,5.0,non_mandatory,1,Work1,Work1
5045,480,33264,61148.0,Home,950,191031156_2,19103115601_2,Thursday,Work,2,3,Work,33879.0,1209609.0,630,825,0,1,5045,WALK_LR,,non_mandatory,8.0,8.0,non_mandatory,1,Work1,Work1
5065,530,7720,1061692.0,Home,1090,191031428_2,19103142801_2,Thursday,Work,1,1,Work,26814.0,848260.0,577,1032,0,1,5065,Other,,non_mandatory,8.0,8.0,non_mandatory,1,Work1,Work1
5069,443,20992,1198759.0,Home,1098,191031457_2,19103145702_2,Thursday,Work,1,3,Work,5157.0,1142750.0,492,790,0,1,5069,WALK_LOC,,non_mandatory,7.0,7.0,non_mandatory,1,Work1,Work1
5075,468,12343,1057686.0,Home,1126,191031683_2,19103168301_2,Thursday,Work,1,1,Work,27050.0,131809.0,520,1080,0,1,5075,SHARED3FREE,,non_mandatory,7.0,7.0,non_mandatory,1,Work1,Work1
5079,600,13167,727963.0,Home,1145,191031843_2,19103184301_2,Thursday,Work,1,1,Work,2901.0,751984.0,605,1140,0,2,5079,DRIVEALONEFREE,,non_mandatory,10.0,10.0,non_mandatory,1,Work1,Work1
5084,480,13383,1113102.0,Home,1020,191031932_2,19103193201_2,Thursday,Work,1,1,Work,12654.0,1113761.0,510,990,0,1,5084,BIKE,,non_mandatory,8.0,8.0,non_mandatory,1,Work1,Work1
5130,829,4160,638628.0,Home,1086,191032787_2,19103278701_2,Thursday,Work,2,1,Work,14948.0,913517.0,883,1077,0,1,5130,SHARED2FREE,,non_mandatory,13.0,13.0,non_mandatory,1,Work1,Work1
5143,565,29003,581643.0,Home,1148,191033128_2,19103312801_2,Thursday,Work,2,1,Work,31883.0,710051.0,595,1146,0,1,5143,SHARED3FREE,,non_mandatory,9.0,9.0,non_mandatory,1,Work1,Work1
5181,522,7719,1183531.0,Home,1112,191033624_2,19103362401_2,Thursday,Work,1,2,Work,11622.0,669723.0,533,1089,0,1,5181,WALK,,non_mandatory,8.0,8.0,non_mandatory,1,Work1,Work1
5186,400,11111,1230689.0,Home,995,191033642_2,19103364202_2,Thursday,Work,1,2,Work,24046.0,1069930.0,420,950,0,1,5186,SHARED3FREE,,non_mandatory,6.0,6.0,non_mandatory,1,Work1,Work1
5209,500,33324,987392.0,Home,1055,191034432_2,19103443201_2,Thursday,Work,1,1,Work,3632.0,1117132.0,520,1035,0,1,5209,WALK,,non_mandatory,8.0,8.0,non_mandatory,1,Work1,Work1
5303,553,25864,698998.0,Home,768,191036343_2,19103634301_2,Thursday,Work,4,1,Work,6197.0,739710.0,678,732,0,1,5303,WALK_LR,,non_mandatory,9.0,9.0,non_mandatory,1,Work1,Work1
5336,524,18341,1156666.0,Home,1038,191036821_2,19103682101_2,Thursday,Work,1,1,Work,3367.0,1186860.0,534,1025,0,1,5336,DRIVEALONEFREE,,non_mandatory,8.0,8.0,non_mandatory,1,Work1,Work1
5339,480,51667,392973.0,Home,1095,191036941_2,19103694101_2,Thursday,Work,1,1,Work,53581.0,523994.0,485,1085,0,1,5339,DRIVEALONEFREE,,non_mandatory,8.0,8.0,non_mandatory,1,Work1,Work1
5408,498,15982,720920.0,Home,1168,191037918_2,19103791801_2,Thursday,Work,1,3,Work,12577.0,717974.0,515,1016,0,1,5408,SHARED3FREE,,non_mandatory,8.0,8.0,non_mandatory,1,Work1,Work1
5413,604,20463,1242511.0,Home,1063,191038176_2,19103817601_2,Thursday,Work,1,1,Work,3367.0,1111163.0,616,1055,0,1,5413,BIKE,,non_mandatory,10.0,10.0,non_mandatory,1,Work1,Work1
5433,510,19112,121540.0,Home,1130,191038442_2,19103844201_2,Thursday,Work,1,1,Work,16737.0,1154393.0,525,1080,0,1,5433,WALK_LOC,,non_mandatory,8.0,8.0,non_mandatory,1,Work1,Work1
5453,420,21193,1158432.0,Home,1065,191038621_2,19103862102_2,Thursday,Work,1,1,Work,17963.0,644290.0,475,1005,0,1,5453,WALK_LOC,,non_mandatory,7.0,7.0,non_mandatory,1,Work1,Work1
5459,450,12384,1027995.0,Home,1290,191038841_2,19103884101_2,Thursday,Work,1,2,Work,3133.0,97114.0,485,1145,0,1,5459,DRIVEALONEFREE,,non_mandatory,7.0,7.0,non_mandatory,1,Work1,Work1
5495,509,31750,593204.0,Home,1265,191039479_2,19103947901_2,Thursday,Work,1,3,Work,10547.0,39024.0,547,1095,0,1,5495,SHARED3FREE,,non_mandatory,8.0,8.0,non_mandatory,1,Work1,Work1
5521,455,266,945203.0,Home,1050,191040194_2,19104019401_2,Thursday,Work,2,1,Work,8979.0,1204690.0,845,1025,0,1,5521,DRIVEALONEFREE,,non_mandatory,7.0,7.0,non_mandatory,1,Work1,Work1
5535,330,19537,699472.0,Home,925,191040616_2,19104061601_2,Thursday,Work,1,1,Work,60687.0,795497.0,355,900,0,1,5535,DRIVEALONEFREE,,non_mandatory,5.0,5.0,non_mandatory,1,Work1,Work1
5554,360,27486,727649.0,Home,816,191041091_2,19104109102_2,Thursday,Work,1,1,Work,30988.0,973341.0,370,810,0,1,5554,BIKE,,non_mandatory,6.0,6.0,non_mandatory,1,Work1,Work1
5619,492,6906,84678.0,Home,1023,191042236_2,19104223601_2,Thursday,Work,3,1,Work,26814.0,19209.0,590,979,0,1,5619,SHARED3FREE,,non_mandatory,8.0,8.0,non_mandatory,1,Work1,Work1
5672,385,51886,452946.0,Home,1110,191043809_2,19104380902_2,Thursday,Work,1,1,Work,47532.0,406614.0,420,1065,0,1,5672,DRIVEALONEFREE,,non_mandatory,6.0,6.0,non_mandatory,1,Work1,Work1
5704,610,14176,690676.0,Home,1053,191045072_2,19104507201_2,Thursday,Work,1,1,Work,3193.0,829820.0,642,1044,0,1,5704,WALK_LOC,,non_mandatory,10.0,10.0,non_mandatory,1,Work1,Work1
5728,465,8261,1190639.0,Home,1085,191045658_2,19104565802_2,Thursday,Work,1,1,Work,23962.0,1106030.0,515,1040,0,1,5728,WALK_LR,,non_mandatory,7.0,7.0,non_mandatory,1,Work1,Work1
5734,453,816,604630.0,Home,1058,191045774_2,19104577402_2,Thursday,Work,1,3,Work,21615.0,1031001.0,483,964,0,1,5734,SHARED2FREE,,non_mandatory,7.0,7.0,non_mandatory,1,Work1,Work1
5833,465,5620,985313.0,Home,1115,191047687_2,19104768701_2,Thursday,Work,1,1,Work,15138.0,1144232.0,505,1080,0,1,5833,DRIVEALONEFREE,,non_mandatory,7.0,7.0,non_mandatory,1,Work1,Work1
5858,486,21437,1026773.0,Home,811,191048073_2,19104807301_2,Thursday,Work,1,2,Work,31636.0,1252643.0,516,774,0,1,5858,DRIVEALONEFREE,,non_mandatory,8.0,8.0,non_mandatory,1,Work1,Work1
5863,460,21436,85395.0,Home,1180,191048162_2,19104816201_2,Thursday,Work,1,2,Work,21191.0,1186445.0,505,1010,0,1,5863,WALK_LOC,,non_mandatory,7.0,7.0,non_mandatory,1,Work1,Work1
5987,470,66160,868559.0,Home,1065,191050176_2,19105017602_2,Thursday,Work,1,1,Work,25310.0,635478.0,525,1020,0,1,5987,DRIVEALONEFREE,,non_mandatory,7.0,7.0,non_mandatory,1,Work1,Work1
5999,555,19877,1062338.0,Home,1095,191050364_2,19105036401_2,Thursday,Work,1,1,Work,3190.0,698783.0,620,1050,0,1,5999,WALK_LR,,non_mandatory,9.0,9.0,non_mandatory,1,Work1,Work1
6030,503,19983,80054.0,Home,1212,191051072_2,19105107201_2,Thursday,Work,1,5,Work,32533.0,156379.0,524,800,0,1,6030,DRIVEALONEFREE,,non_mandatory,8.0,8.0,non_mandatory,1,Work1,Work1
6067,493,21935,849297.0,Home,1103,191051637_2,19105163701_2,Thursday,Work,1,1,Work,22438.0,744072.0,523,1063,0,1,6067,WALK_LOC,,non_mandatory,8.0,8.0,non_mandatory,1,Work1,Work1
6086,617,15093,939610.0,Home,1034,191051996_2,19105199603_2,Thursday,Work,2,7,Work,44683.0,356421.0,682,791,0,1,6086,DRIVEALONEFREE,,non_mandatory,10.0,10.0,non_mandatory,1,Work1,Work1
6099,425,21808,802037.0,Home,1232,191052036_2,19105203602_2,Thursday,Work,1,2,Work,34646.0,124976.0,470,1083,0,1,6099,WALK_LOC,,non_mandatory,7.0,7.0,non_mandatory,1,Work1,Work1
6140,434,20753,1204893.0,Home,1109,192000507_2,19200050702_2,Thursday,Work,2,1,Work,23962.0,1106030.0,478,1064,0,1,6140,WALK_LOC,,non_mandatory,7.0,7.0,non_mandatory,1,Work1,Work1
6172,225,44052,198395.0,Home,740,192001494_2,19200149402_2,Thursday,Work,1,1,Work,48336.0,184399.0,235,720,0,1,6172,DRIVEALONEFREE,,non_mandatory,5.0,5.0,non_mandatory,1,Work1,Work1
6174,455,49769,556869.0,Home,156,192001609_2,19200160901_2,Thursday,Work,2,6,Work,11620.0,997166.0,546,1023,0,1,6174,WALK_COM,,non_mandatory,7.0,7.0,non_mandatory,1,Work1,Work1
6227,435,52301,417598.0,Home,1065,192002765_2,19200276502_2,Thursday,Work,2,2,Work,51569.0,208947.0,480,1025,0,1,6227,SHARED2FREE,,non_mandatory,7.0,7.0,non_mandatory,1,Work1,Work1
6361,995,52198,555073.0,Home,1020,192008060_2,19200806002_2,Thursday,othdiscr,1,1,other,54222.0,319563.0,1005,1010,0,0,6361,SHARED2FREE,,non_mandatory,16.0,16.0,non_mandatory,4,othdiscr4,othdiscr4
6387,489,36857,534813.0,Home,1041,192009667_2,19200966701_2,Thursday,Work,2,1,Work,49744.0,432579.0,542,975,0,1,6387,SHARED2FREE,,non_mandatory,8.0,8.0,non_mandatory,1,Work1,Work1
6441,600,47892,542607.0,Home,1060,192012081_2,19201208101_2,Thursday,Work,1,2,Work,45964.0,575091.0,605,975,0,1,6441,SHARED2FREE,,non_mandatory,10.0,10.0,non_mandatory,1,Work1,Work1
6451,320,50032,307615.0,Home,1070,192012576_2,19201257602_2,Thursday,Work,1,1,Work,21190.0,935063.0,390,980,0,1,6451,WALK_COM,,non_mandatory,5.0,5.0,non_mandatory,1,Work1,Work1
6555,510,41370,576017.0,Home,1080,192016142_2,19201614201_2,Thursday,Work,1,1,Work,47416.0,562599.0,550,1050,0,1,6555,DRIVEALONEFREE,,non_mandatory,8.0,8.0,non_mandatory,1,Work1,Work1
6575,360,63864,873007.0,Home,1095,192016419_2,19201641901_2,Thursday,Work,1,1,Work,22675.0,103924.0,390,1020,0,1,6575,DRIVEALONEFREE,,non_mandatory,6.0,6.0,non_mandatory,1,Work1,Work1
6609,457,39124,161581.0,Home,1014,192018304_2,19201830401_2,Thursday,Work,1,1,Work,39495.0,553699.0,467,998,0,1,6609,DRIVEALONEFREE,,non_mandatory,7.0,7.0,non_mandatory,1,Work1,Work1
